text,intent,response
what is java,ask_java,Java is a high-level, object-oriented, platform-independent programming language. Key Features: 1. Object-Oriented Programming 2. Platform Independence 3. Multithreading 4. Robustness 5. Security.
what is c,ask_c,C is a procedural programming language developed by Dennis Ritchie in 1972. It provides low-level memory access and is widely used for system programming.
what is c++,ask_cpp,C++ is an extension of C that provides object-oriented features. Key Features: 1. OOP Support 2. STL 3. High Performance.
what is python,ask_python,Python is an interpreted, high-level, dynamically typed programming language. Key Features: 1. Easy Syntax 2. Cross-Platform 3. Huge Library Support.
what is oop,ask_oop,OOP (Object-Oriented Programming) is a programming paradigm based on objects and classes. Key Concepts: Encapsulation, Inheritance, Polymorphism, Abstraction.
what is inheritance,ask_inheritance,Inheritance allows one class to acquire properties and methods of another class to promote code reusability.
what is polymorphism,ask_polymorphism,Polymorphism allows a function or method to behave differently based on the object calling it. Types: Compile-time and Runtime.
what is encapsulation,ask_encapsulation,Encapsulation is the concept of wrapping data and methods together as a single unit and restricting direct access.
what is abstraction,ask_abstraction,Abstraction hides internal details and exposes only essential features of an object or system.
what is pointer in c,ask_pointer,Pointer is a variable in C that stores the memory address of another variable.
what is array in c,ask_array,Array is a collection of similar data types stored in contiguous memory locations.
what is linked list,ask_linkedlist,Linked List is a linear data structure where elements (nodes) are connected using pointers.
what is constructor in c++,ask_constructor,A constructor is a special method that initializes an object when it is created.
what is destructor in c++,ask_destructor,A destructor is a method automatically called when an object goes out of scope to release resources.
what is python list,ask_python_list,Python list is an ordered, mutable collection of elements defined using square brackets [].
what is python tuple,ask_python_tuple,Tuple is an ordered, immutable collection in Python, defined using parentheses ().
what is python set,ask_python_set,Set is an unordered collection of unique elements in Python, defined using curly braces {}.
what is python dictionary,ask_python_dict,Dictionary is a key-value pair collection in Python, defined using curly braces {}.
what is recursion,ask_recursion,Recursion is a process where a function calls itself directly or indirectly to solve a problem.
what is stack,ask_stack,Stack is a linear data structure that follows the LIFO (Last In First Out) principle.
what is queue,ask_queue,Queue is a linear data structure that follows the FIFO (First In First Out) principle.
what is algorithm,ask_algorithm,Algorithm is a step-by-step procedure or formula for solving a problem.
what is data structure,ask_datastructure,Data Structure is a way to organize and store data for efficient operations.
what is compiler,ask_compiler,Compiler converts high-level code into machine code so that a computer can execute it.
what is interpreter,ask_interpreter,An interpreter translates code line-by-line and executes it immediately.
what is jvm,ask_jvm,JVM (Java Virtual Machine) is an engine that executes Java bytecode and provides platform independence.
what is database,ask_database,A database is an organized collection of data stored electronically for efficient retrieval and management.
what is sql,ask_sql,SQL (Structured Query Language) is used to manage and manipulate relational databases.
what is operating system,ask_os,An Operating System is system software that manages computer hardware, software, and resources.
what is networking,ask_networking,Networking is the practice of connecting computers and devices to share data and resources.
what is dns,ask_dns,DNS (Domain Name System) translates domain names like www.google.com into IP addresses.
what is ip address,ask_ip,An IP Address is a unique numerical identifier assigned to every device connected to a network.
what is cpu,ask_cpu,CPU (Central Processing Unit) is the brain of the computer that performs calculations and executes instructions.
what is ram,ask_ram,RAM (Random Access Memory) is a type of volatile memory used to store temporary data for quick access.
what is rom,ask_rom,ROM (Read Only Memory) is non-volatile memory that stores firmware or system instructions permanently.
what is api,ask_api,API (Application Programming Interface) is a set of rules that allows software applications to communicate with each other.
what is machine learning,ask_ml,Machine Learning is a subset of AI that enables systems to learn patterns from data and make decisions.
what is artificial intelligence,ask_ai,Artificial Intelligence is the simulation of human intelligence in machines that can think, learn, and adapt.
what is deep learning,ask_dl,Deep Learning is a branch of ML that uses neural networks with multiple layers to analyze complex data.